PROVEAN,SIFT,PP2,position,target
-3.65,0,0.264,1004,benign
-0.15,0.498,0,990,benign
-4.49,0,0.991,969,benign
-0.41,0.13,0.037,966,benign
-2.03,0.001,0.645,905,benign
0.05,0.712,0.001,885,benign
-2.04,0.168,0.919,883,benign
0.13,0.672,0,872,benign
1.09,0.455,0.001,871,benign
-1.33,0.054,0.267,831,benign
-0.25,0.328,0.001,830,benign
-3.6,0,0.972,820,benign
-2.47,0.014,0.137,698,benign
-2.49,0.001,0.985,659,benign
-0.42,0.214,0,642,benign
-1.29,0.059,0,636,benign
-1.78,0.118,0,572,benign
-1.04,0.144,0,571,benign
-2.7,0.001,0.031,521,benign
-3.62,0.003,0.983,507,benign
-5.85,0.003,0.027,507,benign
-1.66,0.048,0.004,492,benign
0.6,0.605,0,491,benign
-2.82,0.025,0,463,benign
-4.87,0,0.679,463,benign
-0.22,0.302,0.001,422,benign
-1.46,0.141,0.988,247,benign
-1.45,0.019,0.057,84,benign
-2.43,0.051,0.115,64,benign
-0.84,0.033,0.005,19,benign
-1.54,0.024,0.992,19,benign
0.61,0.404,0,9,benign
0.1,0.445,0,6,benign
0,0.721,0,1002,benign
0,1,0,992,benign
0,1,0,991,benign
0,1,0,989,benign
0,1,0,965,benign
0,1,0,962,benign
0,1,0,952,benign
0,1,0,946,benign
0,1,0,918,benign
0,1,0,892,benign
0,0.963,0,878,benign
0,1,0,870,benign
0,1,0,853,benign
0,1,0,831,benign
0,1,0,829,benign
0,1,0,819,benign
0,1,0,817,benign
0,1,0,814,benign
0,1,0,813,benign
0,1,0,789,benign
0,1,0,778,benign
0,1,0,775,benign
0,1,0,773,benign
0,1,0,759,benign
0,1,0,748,benign
0,1,0,742,benign
0,1,0,730,benign
0,1,0,726,benign
0,1,0,718,benign
0,1,0,705,benign
0,1,0,680,benign
0,1,0,669,benign
0,0.221,0,668,benign
0,1,0,665,benign
0,0.443,0,658,benign
0,1,0,656,benign
0,1,0,653,benign
0,1,0,635,benign
0,1,0,628,benign
0,1,0,613,benign
0,1,0,598,benign
0,1,0,592,benign
0,1,0,591,benign
0,1,0,582,benign
0,1,0,572,benign
0,0.067,0,569,benign
0,0.707,0,565,benign
0,1,0,561,benign
0,1,0,541,benign
0,1,0,535,benign
0,1,0,509,benign
0,1,0,489,benign
0,1,0,485,benign
0,1,0,470,benign
0,1,0,456,benign
0,1,0,450,benign
0,1,0,448,benign
0,1,0,441,benign
0,0.522,0,432,benign
0,1,0,427,benign
0,1,0,418,benign
0,0.765,0,399,benign
0,1,0,388,benign
0,1,0,378,benign
0,1,0,377,benign
0,1,0,362,benign
0,1,0,360,benign
0,1,0,339,benign
0,1,0,335,benign
0,1,0,318,benign
0,1,0,317,benign
0,1,0,305,benign
0,1,0,287,benign
0,1,0,286,benign
0,0.653,0,284,benign
0,1,0,276,benign
0,1,0,274,benign
0,1,0,272,benign
0,1,0,262,benign
0,1,0,252,benign
0,1,0,251,benign
0,0.518,0,247,benign
0,1,0,243,benign
0,1,0,236,benign
0,0.075,0,233,benign
0,1,0,223,benign
0,1,0,222,benign
0,1,0,219,benign
0,1,0,212,benign
0,0.851,0,199,benign
0,1,0,171,benign
0,1,0,121,benign
0,1,0,109,benign
0,1,0,105,benign
0,1,0,96,benign
0,1,0,81,benign
0,1,0,76,benign
0,1,0,73,benign
0,1,0,68,benign
0,1,0,64,benign
0,0.174,0,49,benign
0,1,0,21,benign
0,0.745,0,18,benign
-5.63,0,1,1012,benign
-5.5,0,0.935,1004,benign
-4.66,0.001,0.878,1004,benign
-4.6,0.001,0.991,1000,benign
-0.65,0.001,0.018,988,benign
-1.17,0,0.537,986,benign
-8.26,0,1,977,benign
-0.73,0.308,0,976,benign
-4,0,0.331,941,benign
-0.76,0.114,0.025,903,benign
-1.84,0.126,0.048,830,benign
-2.55,0.001,0.939,817,benign
-0.22,0.301,0.001,807,benign
-0.66,0.026,0.45,774,benign
-2.99,0,0.988,724,benign
-3.44,0,0.998,717,benign
-6.99,0,1,708,benign
-6.21,0,1,706,benign
-3.54,0,0.978,701,benign
-5.74,0,1,699,benign
-0.75,0,0.877,691,benign
-0.76,0,0.916,679,benign
-1.12,0.269,0.001,676,benign
-2.22,0.033,0.012,670,benign
-1.99,0.039,0.003,666,benign
-0.48,0.487,0,665,benign
-1.79,0.018,0.638,659,benign
-4.07,0.001,0.059,649,benign
-2.42,0.003,0,639,benign
-2.6,0.006,0.215,635,benign
-2.27,0.051,0.036,629,benign
-1.2,0.257,0,579,benign
-2.04,0.001,0.995,576,benign
-6.56,0,1,561,benign
-3.57,0.04,0.369,558,benign
-0.57,0.262,0.002,552,benign
-1.72,0.268,0,522,benign
-2.87,0.007,0.008,517,benign
-6.63,0,1,503,benign
-2.25,0.029,0,490,benign
-1.51,0.167,0.001,489,benign
-4.73,0,0.999,476,benign
-8.02,0,1,471,benign
-6.41,0,0.999,471,benign
-1.83,0.289,0.001,468,benign
-6.55,0,1,461,benign
-1,0.431,0.012,444,benign
0.28,0.851,0,438,benign
-3.15,0.05,0,428,benign
-2.44,0.006,0.96,421,benign
3.16,1,0,413,benign
-1.61,0,0.006,413,benign
-4.34,0,0.974,405,benign
-4.82,0.001,0.572,398,benign
-2.31,0.02,0.055,390,benign
-1.05,0.018,0.575,343,benign
-3.99,0.001,0.992,343,benign
-6.5,0,1,340,benign
-0.4,0.342,0.012,311,benign
-2.03,0.017,0.999,288,benign
-1.98,0.122,0.935,288,benign
-0.21,0.123,0.02,269,benign
-4.32,0.001,0.973,254,benign
-2.93,0.009,0.985,238,benign
-3.9,0.001,0.996,230,benign
-5.17,0,1,230,benign
-0.84,0.166,0,221,benign
-3.01,0.173,0.051,219,benign
-1.08,0.153,0.002,218,benign
-6.42,0,1,217,benign
-2.44,0.001,1,203,benign
-2.16,0.03,0.01,184,benign
-2.38,0.07,0.925,172,benign
-3.79,0.005,0.001,115,benign
-0.78,0.153,0.001,114,benign
-1.36,0.471,0.001,106,benign
-0.22,0.29,0,80,benign
-5.82,0,1,72,benign
-0.03,0.612,0.012,43,benign
-2.81,0.001,0.993,43,benign
-1.85,0.002,0.269,29,benign
-1.23,0.111,0.04,20,benign
-0.46,0.251,0.005,16,benign
-1.29,0.043,0.981,13,benign
-0.52,0.184,0.993,11,benign
0.28,0.882,0,9,benign
-0.02,0.739,0,7,benign
0.11,0.458,0.079,7,benign
-0.05,0.084,0,2,benign
0,1,0,982,benign
0,1,0,969,benign
0,1,0,968,benign
0,1,0,959,benign
0,1,0,957,benign
0,1,0,933,benign
0,1,0,930,benign
0,1,0,927,benign
0,1,0,916,benign
0,1,0,883,benign
0,1,0,876,benign
0,1,0,873,benign
0,0.519,0,872,benign
0,1,0,855,benign
0,1,0,851,benign
0,1,0,844,benign
0,1,0,834,benign
0,1,0,823,benign
0,1,0,815,benign
0,1,0,808,benign
0,1,0,803,benign
0,1,0,800,benign
0,1,0,777,benign
0,1,0,765,benign
0,1,0,751,benign
0,1,0,713,benign
0,1,0,703,benign
0,1,0,683,benign
0,1,0,679,benign
0,1,0,676,benign
0,1,0,664,benign
0,1,0,641,benign
0,1,0,630,benign
0,1,0,627,benign
0,1,0,623,benign
0,1,0,611,benign
0,1,0,608,benign
0,1,0,607,benign
0,1,0,588,benign
0,1,0,570,benign
0,1,0,501,benign
0,1,0,500,benign
0,1,0,455,benign
0,1,0,445,benign
0,1,0,443,benign
0,1,0,420,benign
0,1,0,402,benign
0,1,0,394,benign
0,1,0,369,benign
0,1,0,368,benign
0,1,0,351,benign
0,1,0,343,benign
0,1,0,337,benign
0,1,0,334,benign
0,1,0,326,benign
0,1,0,314,benign
0,1,0,303,benign
0,1,0,293,benign
0,1,0,273,benign
0,1,0,268,benign
0,1,0,235,benign
0,1,0,226,benign
0,1,0,210,benign
0,1,0,193,benign
0,1,0,177,benign
0,1,0,133,benign
0,1,0,128,benign
0,1,0,118,benign
0,1,0,111,benign
0,1,0,101,benign
0,1,0,98,benign
0,1,0,97,benign
0,1,0,90,benign
0,1,0,88,benign
0,1,0,80,benign
0,1,0,69,benign
0,1,0,67,benign
0,0.489,0,55,benign
0,1,0,45,benign
0,1,0,44,benign
0,1,0,6,benign
-3.83,0,1,137,pathogenic
-3.49,0,1,137,pathogenic
-5.58,0,0.995,140,pathogenic
-5.91,0,1,274,pathogenic
-4.22,0,0.998,274,pathogenic
-3.39,0,1,277,pathogenic
-4.46,0.027,1,316,pathogenic
-5.94,0,1,322,pathogenic
-5.09,0,1,326,pathogenic
-3.39,0,1,320,pathogenic
-8.47,0,1,333,pathogenic
-4.53,0,1,613,pathogenic
-6.21,0,1,706,pathogenic
-6.58,0,1,755,pathogenic
-4.42,0,0.999,755,pathogenic
-5.93,0,1,756,pathogenic
-3.7,0,1,756,pathogenic
-4.46,0,0.999,758,pathogenic
-3.48,0,0.525,771,pathogenic
-2.77,0.001,0.999,772,pathogenic
-3.42,0.001,0.996,801,pathogenic
-6.21,0,1,801,pathogenic
-2.44,0.119,0.557,801,pathogenic
-4.99,0,0.999,802,pathogenic
-4.24,0,0.999,804,pathogenic
-3.75,0,0.432,806,pathogenic
-7.03,0,0.999,808,pathogenic
-3.41,0.001,0.993,811,pathogenic
-2.88,0.001,1,815,pathogenic
-2.88,0.001,0.999,818,pathogenic
-4.98,0,1,839,pathogenic
-3.12,0.039,0.984,923,pathogenic
-6.05,0,1,923,pathogenic
-4.65,0.006,0.975,927,pathogenic
-4.87,0.003,0.998,927,pathogenic
-4.31,0,1,947,pathogenic
-2.32,0.001,0.989,951,pathogenic
-3.58,0,0.999,955,pathogenic
-5.91,0,1,992,pathogenic
-4.43,0,0.021,888,pathogenic
-4.49,0,0.998,89,pathogenic
-5.77,0,1,123,pathogenic
-2.37,0,0.998,129,pathogenic
-2.39,0.001,0.406,154,pathogenic
-2.39,0.001,0.512,220,pathogenic
-4.73,0,0.993,292,pathogenic
-6.87,0,1,316,pathogenic
-0.85,0,1,322,pathogenic
-5.04,0,1,331,pathogenic
-5.77,0,1,324,pathogenic
-7.6,0,1,358,pathogenic
-5.91,0,1,358,pathogenic
-7.6,0,1,358,pathogenic
-5.89,0,1,363,pathogenic
-4.16,0,1,370,pathogenic
-5.82,0,1,371,pathogenic
-7.32,0,1,583,pathogenic
-3.82,0,1,589,pathogenic
-9.11,0,1,596,pathogenic
-5.3,0,1,597,pathogenic
-3.04,0,1,681,pathogenic
-6.6,0,0.997,742,pathogenic
-4.33,0.001,0.095,780,pathogenic
-4.42,0,1,755,pathogenic
-6.6,0,1,755,pathogenic
-3.73,0,0.998,761,pathogenic
-3.7,0,0.993,768,pathogenic
-6.69,0,1,768,pathogenic
-4.45,0,0.999,769,pathogenic
-4.46,0,1,770,pathogenic
-4.33,0,0.211,771,pathogenic
-3.52,0,0.999,773,pathogenic
-6.39,0,1,773,pathogenic
-3.48,0.001,0.962,773,pathogenic
-4.92,0,0.999,810,pathogenic
-4.94,0,1,805,pathogenic
-3.53,0,0.993,805,pathogenic
-3.73,0,0.262,806,pathogenic
-4.22,0,0.987,810,pathogenic
-5.03,0.001,1,867,pathogenic
-5.46,0,1,893,pathogenic
-4.2,0,0.996,901,pathogenic
-4.78,0.007,0.98,927,pathogenic
-4.18,0,1,338,pathogenic
-6.21,0,0.998,801,pathogenic
-5.07,0,1,358,pathogenic
-5.46,0,1,715,pathogenic
-4.55,0,1,684,pathogenic
