variant,PROVEAN,SIFT,PolyPhen-2,position,count,target
G1004A,-3.65,0,0.264,1004,5,benign
V990I,-0.15,0.498,0,990,2,benign
R969C,-4.49,0,0.991,969,3,benign
V966M,-0.41,0.13,0.037,966,2,benign
E905D,-2.03,0.001,0.645,905,4,benign
V885I,0.05,0.712,0.001,885,21,benign
R883H,-2.04,0.168,0.919,883,2,benign
N872K,0.13,0.672,0,872,5,benign
G871S,1.09,0.455,0.001,871,9,benign
T831M,-1.33,0.054,0.267,831,3,benign
R830Q,-0.25,0.328,0.001,830,8,benign
D820N,-3.6,0,0.972,820,6,benign
Q698H,-2.47,0.014,0.137,698,2,benign
D659H,-2.49,0.001,0.985,659,2,benign
V642I,-0.42,0.214,0,642,8,benign
A636T,-1.29,0.059,0,636,6,benign
N572D,-1.78,0.118,0,572,7,benign
D571N,-1.04,0.144,0,571,2,benign
D521E,-2.7,0.001,0.031,521,2,benign
R507H,-3.62,0.003,0.983,507,7,benign
R507C,-5.85,0.003,0.027,507,2,benign
R492Q,-1.66,0.048,0.004,492,2,benign
N491S,0.6,0.605,0,491,3,benign
R463H,-2.82,0.025,0,463,3,benign
R463C,-4.87,0,0.679,463,65,benign
V422A,-0.22,0.302,0.001,422,4,benign
V247M,-1.46,0.141,0.988,247,6,benign
R84Q,-1.45,0.019,0.057,84,2,benign
R64Q,-2.43,0.051,0.115,64,2,benign
R19H,-0.84,0.033,0.005,19,3,benign
R19C,-1.54,0.024,0.992,19,5,benign
D9G,0.61,0.404,0,9,2,benign
D6E,0.1,0.445,0,6,2,benign
N1002N,0,0.721,0,1002,3,benign
D992D,0,1,0,992,62,benign
Y991Y,0,1,0,991,4,benign
F989F,0,1,0,989,2,benign
D965D,0,1,0,965,7,benign
P962P,0,1,0,962,9,benign
T952T,0,1,0,952,6,benign
F946F,0,1,0,946,64,benign
V918V,0,1,0,918,2,benign
Y892Y,0,1,0,892,2,benign
L878L,0,0.963,0,878,12,benign
P870P,0,1,0,870,442,benign
L853L,0,1,0,853,12,benign
T831T,0,1,0,831,20,benign
P829P,0,1,0,829,922,benign
S819S,0,1,0,819,2,benign
A817A,0,1,0,817,3,benign
Y814Y,0,1,0,814,2,benign
A813A,0,1,0,813,6,benign
P789P,0,1,0,789,4,benign
T778T,0,1,0,778,104,benign
P775P,0,1,0,775,10,benign
N773N,0,1,0,773,585,benign
F759F,0,1,0,759,5,benign
I748I,0,1,0,748,2,benign
D742D,0,1,0,742,14,benign
D730D,0,1,0,730,7,benign
I726I,0,1,0,726,5,benign
A718A,0,1,0,718,11,benign
T705T,0,1,0,705,9,benign
F680F,0,1,0,680,8,benign
D669D,0,1,0,669,4,benign
I668I,0,0.221,0,668,6,benign
S665S,0,1,0,665,4,benign
T658T,0,0.443,0,658,16,benign
H656H,0,1,0,656,10,benign
C653C,0,1,0,653,2,benign
A635A,0,1,0,635,6,benign
N628N,0,1,0,628,2,benign
T613T,0,1,0,613,2,benign
S598S,0,1,0,598,3,benign
A592A,0,1,0,592,26,benign
D591D,0,1,0,591,4,benign
I582I,0,1,0,582,3,benign
N572N,0,1,0,572,3,benign
T569T,0,0.067,0,569,2,benign
D565D,0,0.707,0,565,33,benign
F561F,0,1,0,561,2,benign
R541R,0,1,0,541,6,benign
L535L,0,1,0,535,2,benign
S509S,0,1,0,509,422,benign
N489N,0,1,0,489,4,benign
T485T,0,1,0,485,4,benign
I470I,0,1,0,470,2,benign
S456S,0,1,0,456,2,benign
I450I,0,1,0,450,13,benign
K448K,0,1,0,448,4,benign
A441A,0,1,0,441,2,benign
V432V,0,0.522,0,432,3,benign
Q427Q,0,1,0,427,25,benign
C418C,0,1,0,418,2,benign
T399T,0,0.765,0,399,3,benign
H388H,0,1,0,388,2,benign
V378V,0,1,0,378,15,benign
T377T,0,1,0,377,4,benign
T362T,0,1,0,362,42,benign
T360T,0,1,0,360,4,benign
K339K,0,1,0,339,7,benign
T335T,0,1,0,335,7,benign
I318I,0,1,0,318,3,benign
I317I,0,1,0,317,2,benign
Y305Y,0,1,0,305,14,benign
G287G,0,1,0,287,2,benign
T286T,0,1,0,286,10,benign
L284L,0,0.653,0,284,3,benign
I276I,0,1,0,276,3,benign
I274I,0,1,0,274,5,benign
T272T,0,1,0,272,153,benign
T262T,0,1,0,262,5,benign
G252G,0,1,0,252,6,benign
T251T,0,1,0,251,3,benign
V247V,0,0.518,0,247,16,benign
T243T,0,1,0,243,2,benign
S236S,0,1,0,236,4,benign
T233T,0,0.075,0,233,3,benign
H223H,0,1,0,223,2,benign
T222T,0,1,0,222,18,benign
P219P,0,1,0,219,5,benign
S212S,0,1,0,212,3,benign
H199H,0,0.851,0,199,11,benign
N171N,0,1,0,171,3,benign
Y121Y,0,1,0,121,99,benign
A109A,0,1,0,109,8,benign
Y105Y,0,1,0,105,14,benign
I96I,0,1,0,96,19,benign
K81K,0,1,0,81,17,benign
T76T,0,1,0,76,2,benign
P73P,0,1,0,73,2,benign
N68N,0,1,0,68,2,benign
R64R,0,1,0,64,16,benign
C49C,0,0.174,0,49,21,benign
D21D,0,1,0,21,2,benign
E18E,0,0.745,0,18,4,benign
