PROVEAN,SIFT,PP2,position,target,count
-3.65,0,0.264,1004,benign,5
-0.15,0.498,0,990,benign,2
-4.49,0,0.991,969,benign,3
-0.41,0.13,0.037,966,benign,2
-2.03,0.001,0.645,905,benign,4
0.05,0.712,0.001,885,benign,21
-2.04,0.168,0.919,883,benign,2
0.13,0.672,0,872,benign,5
1.09,0.455,0.001,871,benign,9
-1.33,0.054,0.267,831,benign,3
-0.25,0.328,0.001,830,benign,8
-3.6,0,0.972,820,benign,6
-2.47,0.014,0.137,698,benign,2
-2.49,0.001,0.985,659,benign,2
-0.42,0.214,0,642,benign,8
-1.29,0.059,0,636,benign,6
-1.78,0.118,0,572,benign,7
-1.04,0.144,0,571,benign,2
-2.7,0.001,0.031,521,benign,2
-3.62,0.003,0.983,507,benign,7
-5.85,0.003,0.027,507,benign,2
-1.66,0.048,0.004,492,benign,2
0.6,0.605,0,491,benign,3
-2.82,0.025,0,463,benign,3
-4.87,0,0.679,463,benign,65
-0.22,0.302,0.001,422,benign,4
-1.46,0.141,0.988,247,benign,6
-1.45,0.019,0.057,84,benign,2
-2.43,0.051,0.115,64,benign,2
-0.84,0.033,0.005,19,benign,3
-1.54,0.024,0.992,19,benign,5
0.61,0.404,0,9,benign,2
0.1,0.445,0,6,benign,2
0,0.721,0,1002,benign,3
0,1,0,992,benign,62
0,1,0,991,benign,4
0,1,0,989,benign,2
0,1,0,965,benign,7
0,1,0,962,benign,9
0,1,0,952,benign,6
0,1,0,946,benign,64
0,1,0,918,benign,2
0,1,0,892,benign,2
0,0.963,0,878,benign,12
0,1,0,870,benign,442
0,1,0,853,benign,12
0,1,0,831,benign,20
0,1,0,829,benign,922
0,1,0,819,benign,2
0,1,0,817,benign,3
0,1,0,814,benign,2
0,1,0,813,benign,6
0,1,0,789,benign,4
0,1,0,778,benign,104
0,1,0,775,benign,10
0,1,0,773,benign,585
0,1,0,759,benign,5
0,1,0,748,benign,2
0,1,0,742,benign,14
0,1,0,730,benign,7
0,1,0,726,benign,5
0,1,0,718,benign,11
0,1,0,705,benign,9
0,1,0,680,benign,8
0,1,0,669,benign,4
0,0.221,0,668,benign,6
0,1,0,665,benign,4
0,0.443,0,658,benign,16
0,1,0,656,benign,10
0,1,0,653,benign,2
0,1,0,635,benign,6
0,1,0,628,benign,2
0,1,0,613,benign,2
0,1,0,598,benign,3
0,1,0,592,benign,26
0,1,0,591,benign,4
0,1,0,582,benign,3
0,1,0,572,benign,3
0,0.067,0,569,benign,2
0,0.707,0,565,benign,33
0,1,0,561,benign,2
0,1,0,541,benign,6
0,1,0,535,benign,2
0,1,0,509,benign,422
0,1,0,489,benign,4
0,1,0,485,benign,4
0,1,0,470,benign,2
0,1,0,456,benign,2
0,1,0,450,benign,13
0,1,0,448,benign,4
0,1,0,441,benign,2
0,0.522,0,432,benign,3
0,1,0,427,benign,25
0,1,0,418,benign,2
0,0.765,0,399,benign,3
0,1,0,388,benign,2
0,1,0,378,benign,15
0,1,0,377,benign,4
0,1,0,362,benign,42
0,1,0,360,benign,4
0,1,0,339,benign,7
0,1,0,335,benign,7
0,1,0,318,benign,3
0,1,0,317,benign,2
0,1,0,305,benign,14
0,1,0,287,benign,2
0,1,0,286,benign,10
0,0.653,0,284,benign,3
0,1,0,276,benign,3
0,1,0,274,benign,5
0,1,0,272,benign,153
0,1,0,262,benign,5
0,1,0,252,benign,6
0,1,0,251,benign,3
0,0.518,0,247,benign,16
0,1,0,243,benign,2
0,1,0,236,benign,4
0,0.075,0,233,benign,3
0,1,0,223,benign,2
0,1,0,222,benign,18
0,1,0,219,benign,5
0,1,0,212,benign,3
0,0.851,0,199,benign,11
0,1,0,171,benign,3
0,1,0,121,benign,99
0,1,0,109,benign,8
0,1,0,105,benign,14
0,1,0,96,benign,19
0,1,0,81,benign,17
0,1,0,76,benign,2
0,1,0,73,benign,2
0,1,0,68,benign,2
0,1,0,64,benign,16
0,0.174,0,49,benign,21
0,1,0,21,benign,2
0,0.745,0,18,benign,4
-3.83,0,1,137,pathogenic,5
-3.49,0,1,137,pathogenic,4
-5.58,0,0.995,140,pathogenic,2
-5.91,0,1,274,pathogenic,5
-4.22,0,0.998,274,pathogenic,2
-3.39,0,1,277,pathogenic,6
-4.46,0.027,1,316,pathogenic,2
-5.94,0,1,322,pathogenic,2
-5.09,0,1,326,pathogenic,2
-3.39,0,1,320,pathogenic,2
-8.47,0,1,333,pathogenic,5
-4.53,0,1,613,pathogenic,14
-6.21,0,1,706,pathogenic,5
-6.58,0,1,755,pathogenic,4
-4.42,0,0.999,755,pathogenic,5
-5.93,0,1,756,pathogenic,9
-3.7,0,1,756,pathogenic,5
-4.46,0,0.999,758,pathogenic,4
-3.48,0,0.525,771,pathogenic,2
-2.77,0.001,0.999,772,pathogenic,5
-3.42,0.001,0.996,801,pathogenic,107
-6.21,0,1,801,pathogenic,2
-2.44,0.119,0.557,801,pathogenic,3
-4.99,0,0.999,802,pathogenic,2
-4.24,0,0.999,804,pathogenic,3
-3.75,0,0.432,806,pathogenic,3
-7.03,0,0.999,808,pathogenic,2
-3.41,0.001,0.993,811,pathogenic,6
-2.88,0.001,1,815,pathogenic,61
-2.88,0.001,0.999,818,pathogenic,48
-4.98,0,1,839,pathogenic,2
-3.12,0.039,0.984,923,pathogenic,8
-6.05,0,1,923,pathogenic,3
-4.65,0.006,0.975,927,pathogenic,2
-4.87,0.003,0.998,927,pathogenic,2
-4.31,0,1,947,pathogenic,32
-2.32,0.001,0.989,951,pathogenic,2
-3.58,0,0.999,955,pathogenic,2
-5.91,0,1,992,pathogenic,2
-4.43,0,0.021,888,pathogenic,2
